test/cli/binary_staleness_test.dart	e2e	spawn-heavy (CI 2.1s)
test/cli/bug_1360_undeclared_option_crash_test.dart	e2e	spawn-heavy (CI 0.0s)
test/cli/standard/cli_plugin_generator_test.dart	e2e	spawn-heavy (CI 0.0s)
test/cli/zfa_executable_test.dart	e2e	spawn-heavy (CI 0.0s)
test/commands/bug_1378_proof_prune_test.dart	e2e	spawn-heavy (CI 0.8s)
test/commands/build_command_tracked_outputs_test.dart	e2e	spawn-heavy (CI 1.2s)
test/commands/corpus_ledger_command_test.dart	slow	CI-proven >=4s (4.5s)
test/commands/dead_positional_grammar_test.dart	e2e	spawn-heavy (CI 80.1s)
test/commands/engine_check_command_test.dart	e2e	spawn-heavy (CI 0.8s)
test/commands/entity_cli_exit_code_test.dart	e2e	spawn-heavy (CI 0.6s)
test/commands/entity_convergent_test.dart	e2e	spawn-heavy (CI 0.9s)
test/commands/entity_create_primitive_types_test.dart	e2e	spawn-heavy (CI 1.4s)
test/commands/entity_help_test.dart	e2e	spawn-heavy (CI 0.7s)
test/commands/entity_receipt_test.dart	e2e	spawn-heavy (CI 1.2s)
test/commands/exit_code_sweep_1139_test.dart	e2e	spawn-heavy (CI 33.3s)
test/commands/make_default_tier_plan_test.dart	e2e	spawn-heavy (CI 0.9s)
test/commands/make_engine_plan_test.dart	e2e	spawn-heavy (CI 0.9s)
test/commands/make_pubsync_zuraffa_ensure_test.dart	e2e	spawn-heavy (CI 48.5s)
test/commands/project_root_autodetect_test.dart	e2e	spawn-heavy (CI 1.0s)
test/commands/proof_chain_command_test.dart	e2e	spawn-heavy (CI 0.9s)
test/commands/proof_command_test.dart	e2e	spawn-heavy (CI 1.0s)
test/commands/skin_drive_command_test.dart	slow	CI-proven >=4s (40.7s)
test/commands/xray_deck_cli_test.dart	e2e	spawn-heavy (CI 2.4s)
test/core/generation/tracked_generated_output_guard_test.dart	e2e	spawn-heavy (CI 2.8s)
test/dda/ast_scanner_literal_test.dart	slow	CI-proven >=4s (5.9s)
test/helpers/zfa_test_timeout_scale_test.dart	e2e	spawn-heavy (CI 0.5s)
test/package_sdk/plugin_scaffold_test.dart	e2e	spawn-heavy (CI 6.0s)
test/plugins/cache/cache_compile_test.dart	e2e	spawn-heavy (CI 2.3s)
test/plugins/datasource/datasource_compile_test.dart	e2e	spawn-heavy (CI 2.2s)
test/plugins/datasource/datasource_engine_compile_test.dart	slow	compile/self-hosting gate (CI 1.9s)
test/plugins/di/di_setup_execution_test.dart	e2e	spawn-heavy (CI 15.5s)
test/plugins/mock/capabilities/bug_1600_certifier_for_project_test.dart	e2e	spawn-heavy (CI 1.0s)
test/plugins/mock/mock_datasource_builder_1570_compile_test.dart	slow	compile/self-hosting gate (CI 3.2s)
test/plugins/mock/mock_provider_builder_test.dart	e2e	spawn-heavy (CI 2.1s)
test/plugins/mock/mock_provider_engine_behavior_test.dart	e2e	spawn-heavy (CI 15.0s)
test/plugins/mock/mock_provider_engine_compile_test.dart	slow	compile/self-hosting gate (CI 2.2s)
test/plugins/repository/repository_compile_test.dart	e2e	spawn-heavy (CI 4.3s)
test/plugins/repository/repository_engine_compile_test.dart	slow	compile/self-hosting gate (CI 2.3s)
test/plugins/service/service_compile_test.dart	e2e	spawn-heavy (CI 1.8s)
test/plugins/service/service_engine_compile_test.dart	slow	compile/self-hosting gate (CI 2.0s)
test/plugins/slice/capabilities/slice_check_capability_test.dart	e2e	spawn-heavy (CI 4.2s)
test/plugins/slice/capabilities/slice_worktree_capability_test.dart	e2e	spawn-heavy (CI 3.9s)
test/plugins/slice/slice_command_worktree_check_test.dart	e2e	spawn-heavy (CI 2.5s)
test/plugins/state/state_compile_test.dart	e2e	spawn-heavy (CI 2.0s)
test/plugins/state/state_property_compile_test.dart	e2e	spawn-heavy (CI 15.8s)
test/plugins/sync/simulate_sync_capability_test.dart	e2e	spawn-heavy (CI 0.8s)
test/plugins/tdd/bug_1133_flutter_compact_transcript_test.dart	e2e	spawn-heavy (CI 0.2s)
test/plugins/tdd/bug_1140_finder_kind_plan_column_test.dart	slow	CI-proven >=4s (4.3s)
test/plugins/tdd/bug_1472_refactor_gate_errors_only_test.dart	e2e	spawn-heavy (CI 1.5s)
test/plugins/tdd/bug_1500_wire_contract_subject_test.dart	e2e	spawn-heavy (CI 6.7s)
test/plugins/tdd/bug_1507_kernel_cache_cycle_start_test.dart	e2e	spawn-heavy (CI 8.9s)
test/plugins/tdd/bug_1520_refactor_scratch_tmpdir_test.dart	e2e	spawn-heavy (CI 1.3s)
test/plugins/tdd/bug_1520_run_scratch_tmpdir_test.dart	e2e	spawn-heavy (CI 13.9s)
test/plugins/tdd/bug_837_mutation_verify_pipeline_test.dart	e2e	spawn-heavy (CI 0.7s)
test/plugins/tdd/bug_912_template_self_hosting_test.dart	slow	compile/self-hosting gate (CI 1.8s)
test/plugins/tdd/bug_924_verify_preflight_test.dart	e2e	spawn-heavy (CI 0.8s)
test/plugins/tdd/bug_993_plan_entity_export_clash_test.dart	e2e	spawn-heavy (CI 32.0s)
test/plugins/tdd/commands/bug_1320_declared_assertion_reachable_test.dart	slow	CI-proven >=4s (7.6s)
test/plugins/tdd/commands/bug_1372_certified_red_scan_test.dart	slow	CI-proven >=4s (13.7s)
test/plugins/tdd/commands/bug_1544_run_continue_after_blocked_test.dart	slow	CI-proven >=4s (48.2s)
test/plugins/tdd/commands/bug_1551_no_green_units_defers_test.dart	e2e	spawn-heavy (CI 34.1s)
test/plugins/tdd/commands/bug_1568_hand_step_park_not_stop_test.dart	slow	CI-proven >=4s (24.6s)
test/plugins/tdd/commands/bug_1574_gen_relative_paths_test.dart	e2e	spawn-heavy (CI 1.0s)
test/plugins/tdd/commands/bug_1589_contract_blocked_resume_test.dart	slow	CI-proven >=4s (39.3s)
test/plugins/tdd/commands/compose_command_test.dart	slow	CI-proven >=4s (6.5s)
test/plugins/tdd/commands/contract_kind_1007_test.dart	e2e	spawn-heavy (CI 7.1s)
test/plugins/tdd/commands/issue_1388_gen_reuse_fingerprint_test.dart	slow	CI-proven >=4s (4.9s)
test/plugins/tdd/commands/issue_1528_setup_error_test.dart	slow	CI-proven >=4s (20.8s)
test/plugins/tdd/commands/plan_traces_cell_1310_test.dart	slow	CI-proven >=4s (7.5s)
test/plugins/tdd/commands/realize_command_1193_test.dart	slow	CI-proven >=4s (4.2s)
test/plugins/tdd/commands/run_command_bug_1471_test.dart	e2e	spawn-heavy (CI 1.8s)
test/plugins/tdd/commands/run_driver_timeout_receipt_test.dart	e2e	spawn-heavy (CI 63.4s)
test/plugins/tdd/commands/view_command_test.dart	slow	CI-proven >=4s (5.2s)
test/plugins/tdd/corpus_economics/baseline_cache_test.dart	e2e	spawn-heavy (CI 9.8s)
test/plugins/tdd/corpus_economics/batch_gen_test.dart	slow	CI-proven >=4s (4.1s)
test/plugins/tdd/corpus_economics/incremental_verify_test.dart	slow	CI-proven >=4s (5.1s)
test/plugins/tdd/issue_1482_run_preflight_test.dart	e2e	spawn-heavy (CI 0.8s)
test/plugins/tdd/issue_1590_progress_liveness_test.dart	e2e	spawn-heavy (CI 4.4s)
test/plugins/tdd/make_command_1587_build_skip_test.dart	slow	CI-proven >=4s (24.5s)
test/plugins/tdd/make_command_1587_dedup_test.dart	slow	CI-proven >=4s (35.6s)
test/plugins/tdd/make_command_declared_071_test.dart	slow	tier-only regression -> add slow
test/plugins/tdd/make_command_test.dart	slow	tier-only regression -> add slow
test/plugins/tdd/run_baseline_cache_test.dart	slow	CI-proven >=4s (4.6s)
test/plugins/tdd/scratch_tmpdir_test.dart	e2e	spawn-heavy (CI 0.8s)
test/plugins/tdd/services/bug_1512_acceptance_vacuous_composition_test.dart	e2e	spawn-heavy (CI 0.8s)
test/plugins/tdd/services/bug_1538_void_guard_compile_test.dart	e2e	spawn-heavy (CI 0.7s)
test/plugins/tdd/services/dependency_override_preflight_test.dart	e2e	spawn-heavy (CI 0.8s)
test/plugins/tdd/services/pipeline_runner_test.dart	e2e	spawn-heavy (CI 6.2s)
test/plugins/tdd/services/refactor_passes_test.dart	e2e	spawn-heavy (CI 1.3s)
test/plugins/tdd/services/run_state_store_test.dart	e2e	spawn-heavy (CI 1.6s)
test/plugins/tdd/services/step_runner_test.dart	e2e	spawn-heavy (CI 0.7s)
test/plugins/tdd/services/subprocess_timeout_test.dart	e2e	spawn-heavy (CI 40.6s)
test/plugins/tdd/services/test_list_reader_984_test.dart	e2e	spawn-heavy (CI 2.0s)
test/plugins/tdd/spec_1529_recert_wiring_test.dart	e2e	spawn-heavy (CI 2.7s)
test/plugins/tdd/wire_command_test.dart	slow	CI-proven >=4s (5.3s)
test/plugins/use_case/use_case_engine_behavior_test.dart	e2e	spawn-heavy (CI 13.8s)
test/plugins/use_case/use_case_engine_compile_test.dart	slow	compile/self-hosting gate (CI 2.0s)
test/plugins/usecase/usecase_command_grammar_test.dart	e2e	spawn-heavy (CI 9.5s)
test/plugins/usecase/usecase_compile_test.dart	e2e	spawn-heavy (CI 2.0s)
test/regression/issue_1059_entity_cli_bare_exit_code_test.dart	e2e	spawn-heavy (CI 0.8s)
test/regression/issue_1132_slice_bare_exit_code_test.dart	e2e	spawn-heavy (CI 1.2s)
test/regression/issue_1185_make_view_no_methods_test.dart	e2e	spawn-heavy (CI 1.1s)
test/regression/issue_1188_gitignore_progress_md_test.dart	e2e	spawn-heavy (CI 0.1s)
test/regression/issue_1385_1386_zero_artifact_honesty_test.dart	e2e	spawn-heavy (CI 1.0s)
test/regression/issue_942_entity_name_collides_framework_export_test.dart	e2e	spawn-heavy (CI 1.6s)
test/scripts/create_new_feature_branch_test.dart	e2e	spawn-heavy (CI 0.4s)
test/simulation/adapter_parity_checker_test.dart	e2e	spawn-heavy (CI 0.8s)
test/simulation/simulate_command_test.dart	e2e	spawn-heavy (CI 0.7s)
test/simulation/simulation_flavor_test.dart	e2e	spawn-heavy (CI 1.2s)
test/simulation/worlds/simulate_worlds_command_test.dart	e2e	spawn-heavy (CI 4.6s)
test/skew/bug_1197_two_end_matrix_test.dart	e2e	spawn-heavy (CI 0.0s)
test/skin/vm_tap_driver_test.dart	e2e	spawn-heavy (CI 41.4s)
test/templates/self_hosting/datasource_template_self_hosting_test.dart	slow	compile/self-hosting gate (CI 14.4s)
test/templates/self_hosting/di_template_self_hosting_test.dart	slow	compile/self-hosting gate (CI 14.6s)
test/templates/self_hosting/mock_template_self_hosting_test.dart	slow	compile/self-hosting gate (CI 14.4s)
test/templates/self_hosting/publish_gate_test.dart	e2e	spawn-heavy (CI 0.7s)
test/templates/self_hosting/repository_template_self_hosting_test.dart	slow	compile/self-hosting gate (CI 14.3s)
test/templates/self_hosting/route_template_self_hosting_test.dart	slow	compile/self-hosting gate (CI 1.0s)
test/templates/self_hosting/service_template_self_hosting_test.dart	slow	compile/self-hosting gate (CI 13.9s)
test/templates/self_hosting/state_template_self_hosting_test.dart	slow	compile/self-hosting gate (CI 14.3s)
test/templates/self_hosting/usecase_template_self_hosting_test.dart	slow	compile/self-hosting gate (CI 14.1s)
test/templates/self_hosting/view_template_self_hosting_test.dart	slow	compile/self-hosting gate (CI 0.8s)
